{
	"format_version": "1.8.0",
	"animations": {
		"animation.potato_sack.first_person_hold": {
			"loop": true,
			"animation_length": 1.25,
			"bones": {
				"root_item": {
					"rotation": [90, 56, -32],
					"position": [9, 18, 5]
				},
				"Potato": {
					"rotation": [360, -60, -475],
					"position": [17.49966, 4.94515, 6.35999]
				},
				"Arm0": {
					"rotation": {
						"0.0": [0, 0, 0],
						"0.4167": [30, 0, 0],
						"0.75": [2.5, 0, 0],
						"0.9583": [40, 0, 0],
						"1.25": [0, 0, 0]
					}
				},
				"Arm1": {
					"rotation": {
						"0.0": [30, 0, -37.5],
						"0.5": [60, 0, -37.5],
						"1.0": [0, 0, -37.5],
						"1.25": [27.5, 0, -37.5]
					}
				},
				"Leg0": {
					"rotation": {
						"0.0": [17.5, 0, -20],
						"0.5": [52.5, 0, -20],
						"1.0": [-5, 0, -20],
						"1.25": [20, 0, -20]
					}
				},
				"Leg1": {
					"rotation": {
						"0.0": [20, 0, -32.5],
						"0.5": [47.5, 0, -32.5],
						"1.0": [15, 0, -32.5],
						"1.25": [25, 0, -32.5]
					}
				}
			}
		},
		"animation.potato_sack.third_person_hold": {
			"loop": true,
			"animation_length": 1.375,
			"bones": {
				"Potato": {
					"rotation": [15.16403, -37.26643, -47.59102],
					"position": [0.27274, 17.86875, -5.67405]
				},
				"Arm0": {
					"rotation": {
						"0.0": [47.5, 0, 0],
						"0.5": [92.5, 0, 0],
						"1.125": [42.5, 0, 0],
						"1.375": [22.5, 0, 0]
					}
				},
				"Arm1": {
					"rotation": [-17.5, 0, 0]
				},
				"Leg0": {
					"rotation": {
						"0.0": [15, 0, 0],
						"0.25": [32.5, 0, 0],
						"0.5": [15, 0, 0],
						"0.625": [55, 0, 0],
						"0.8333": [20, 0, 0],
						"1.0417": [35, 0, 0],
						"1.375": [17.5, 0, 0]
					}
				},
				"Leg1": {
					"rotation": {
						"0.0": [15, 0, 0],
						"0.5": [50, 0, 0],
						"0.9167": [-14.17, 0, 0],
						"1.375": [15, 0, 0]
					}
				},
				"body": {
					"rotation": [25, 0, 0],
					"position": [0.5, 0, 0.5],
					"scale": 0.85
				}
			}
		}
	}
}